Workbook

Sheet 📋 INSTRUÇÕES
B2: REGISTO DE RISCOS DE CIBERSEGURANÇA NIS2
B3: Art. 21.º Diretiva NIS2 · DL 125/2025 · ISO/IEC 27005:2022 · Revisão Anual Obrigatória
B5: 📌 PARA QUE SERVE ESTE REGISTO?
B6: O Registo de Riscos é o documento central de gestão de cibersegurança da PME. O Art. 21.º NIS2 obriga as entidades a 'tomar medidas adequadas e proporcionadas para gerir os riscos'. Sem um registo formal, não é possível demonstrar ao CNCS que a empresa gere os seus riscos de forma estruturada.
B8: 📊 SEPARADORES DISPONÍVEIS
B9: 🎯 REGISTO DE RISCOS — Lista completa de riscos identificados com avaliação de probabilidade × impacto e plano de tratamento
B10: 🗺️ MATRIZ DE RISCO — Mapa visual 5×5 de calor (heatmap) para priorização dos riscos
B11: 📈 PAINEL DE CONTROLO — Dashboard de resumo para apresentação à gestão de topo
B13: ⚠️ COMO USAR ESTE DOCUMENTO PRÉ-PREENCHIDO
B14: 1. Os riscos com Origem = "Scan" foram identificados e pré-avaliados automaticamente a partir do scan CISPLAN — reveja-os e ajuste Probabilidade e Impacto à realidade da sua empresa
B15: 2. Acrescente riscos que o scan não deteta (ex.: falhas de processo, fornecedores, pessoas) em linhas novas, marcando a coluna Origem como "Manual"
B16: 3. Preencha o Responsável de cada risco e atualize o Estado à medida que as medidas de tratamento são aplicadas
... B24: 📐 METODOLOGIA DO PRÉ-PREENCHIMENTO (linhas com Origem = Scan): Probabilidade derivada da severidade da vulnerabilidade e da exposição do ativo à Internet; Impacto derivado do CVSS (arredondamento de CVSS÷2, máx. 5). Metodologia simplificada de triagem inicial, alinhada com a ISO/IEC 27005. A empresa DEVE rever e ajustar ambos os valores à sua realidade operacional — o pré-preenchimento é um ponto de partida, não uma avaliação final.

Sheet 🎯 REGISTO DE RISCOS
B2: REGISTO DE RISCOS DE CIBERSEGURANÇA
B3: Empresa: [Nome da Empresa] | G3: Última Revisão: ___/___/______ Próxima Revisão: ___/___/______ Aprovado por: _______________
B5: ⚠️ Preencha as células AMARELAS. O Nível de Risco é calculado automaticamente. Reveja pelo menos 1×/ano. Registo exigido pelo Art. 21.º NIS2 e apresentado ao CNCS em auditoria.
B7: ID | C7: Ameaça / Risco | D7: Ativo(s) Afetado(s) | E7: Categoria | F7: Prob. (1-5) | G7: Impacto (1-5) | H7: Nível de Risco | I7: Classificação | J7: Medida de Tratamento | K7: Responsável | L7: Estado | M7: Origem
B8: R01 | H8: =F8*G8 -> 0 | I8: =IF(H8>=17,"CRÍTICO",IF(H8>=10,"ALTO",IF(H8>=5,"MÉDIO",IF(H8>0,"BAIXO",""))))
B9: R02 | H9: =F9*G9 -> 0 | I9: =IF(H9>=17,"CRÍTICO",IF(H9>=10,"ALTO",IF(H9>=5,"MÉDIO",IF(H9>0,"BAIXO",""))))
B10: R03 | H10: =F10*G10 -> 0 | I10: =IF(H10>=17,"CRÍTICO",IF(H10>=10,"ALTO",IF(H10>=5,"MÉDIO",IF(H10>0,"BAIXO",""))))
B11: R04 | H11: =F11*G11 -> 0 | I11: =IF(H11>=17,"CRÍTICO",IF(H11>=10,"ALTO",IF(H11>=5,"MÉDIO",IF(H11>0,"BAIXO",""))))
B12: R05 | H12: =F12*G12 -> 0 | I12: =IF(H12>=17,"CRÍTICO",IF(H12>=10,"ALTO",IF(H12>=5,"MÉDIO",IF(H12>0,"BAIXO",""))))
B13: R06 | H13: =F13*G13 -> 0 | I13: =IF(H13>=17,"CRÍTICO",IF(H13>=10,"ALTO",IF(H13>=5,"MÉDIO",IF(H13>0,"BAIXO",""))))
B14: R07 | H14: =F14*G14 -> 0 | I14: =IF(H14>=17,"CRÍTICO",IF(H14>=10,"ALTO",IF(H14>=5,"MÉDIO",IF(H14>0,"BAIXO",""))))
B15: R08 | H15: =F15*G15 -> 0 | I15: =IF(H15>=17,"CRÍTICO",IF(H15>=10,"ALTO",IF(H15>=5,"MÉDIO",IF(H15>0,"BAIXO",""))))
B16: R09 | H16: =F16*G16 -> 0 | I16: =IF(H16>=17,"CRÍTICO",IF(H16>=10,"ALTO",IF(H16>=5,"MÉDIO",IF(H16>0,"BAIXO",""))))
B17: R10 | H17: =F17*G17 -> 0 | I17: =IF(H17>=17,"CRÍTICO",IF(H17>=10,"ALTO",IF(H17>=5,"MÉDIO",IF(H17>0,"BAIXO",""))))
B18: R11 | H18: =F18*G18 -> 0 | I18: =IF(H18>=17,"CRÍTICO",IF(H18>=10,"ALTO",IF(H18>=5,"MÉDIO",IF(H18>0,"BAIXO",""))))
B19: R12 | H19: =F19*G19 -> 0 | I19: =IF(H19>=17,"CRÍTICO",IF(H19>=10,"ALTO",IF(H19>=5,"MÉDIO",IF(H19>0,"BAIXO",""))))
... B37: R30 | H37: =F37*G37 -> 0 | I37: =IF(H37>=17,"CRÍTICO",IF(H37>=10,"ALTO",IF(H37>=5,"MÉDIO",IF(H37>0,"BAIXO",""))))

Sheet 🗺️ MATRIZ DE RISCO
B2: MATRIZ DE RISCO — MAPA DE CALOR (HEATMAP)
B3: Probabilidade × Impacto · Cada célula mostra os riscos identificados nesse quadrante
B5: IMPACTO →
B6: PROB. ↓ | C6: 1 - Mínimo | D6: 2 - Baixo | E6: 3 - Moderado | F6: 4 - Alto | G6: 5 - Crítico
B7: 5 - Muito Provável | C7: Risco: 5 | D7: Risco: 10 | E7: Risco: 15 | F7: Risco: 20 | G7: Risco: 25
B8: 4 - Provável | C8: Risco: 4 | D8: Risco: 8 | E8: Risco: 12 | F8: Risco: 16 | G8: Risco: 20
B9: 3 - Possível | C9: Risco: 3 | D9: Risco: 6 | E9: Risco: 9 | F9: Risco: 12 | G9: Risco: 15
B10: 2 - Improvável | C10: Risco: 2 | D10: Risco: 4 | E10: Risco: 6 | F10: Risco: 8 | G10: Risco: 10
B11: 1 - Muito Improvável | C11: Risco: 1 | D11: Risco: 2 | E11: Risco: 3 | F11: Risco: 4 | G11: Risco: 5
B13: LEGENDA
B14: BAIXO (1-4) | D14: Monitorizar. Sem ação urgente necessária.
B15: MÉDIO (5-9) | D15: Planear medidas de mitigação no próximo ciclo.
B16: ALTO (10-16) | D16: Ação prioritária. Tratar no prazo de 90 dias.
B17: CRÍTICO (17-25) | D17: Ação imediata. Escalar para gestão de topo.

Sheet 📈 PAINEL DE CONTROLO
B2: PAINEL DE CONTROLO — RESUMO DE RISCOS PARA GESTÃO DE TOPO
B4: 📊 RESUMO GERAL
B5: Total de Riscos Identificados | C5: =COUNTA('🎯 REGISTO DE RISCOS'!C8:C40) -> 0
B6: Riscos CRÍTICOS (17-25) | C6: =COUNTIF('🎯 REGISTO DE RISCOS'!H8:H40,">="&17) -> 0
B7: Riscos ALTOS (10-16) | C7: =COUNTIFS('🎯 REGISTO DE RISCOS'!H8:H40,">="&10,'🎯 REGISTO DE RISCOS'!H8:H40,"<"&17) -> 0
B8: Riscos MÉDIOS (5-9) | C8: =COUNTIFS('🎯 REGISTO DE RISCOS'!H8:H40,">="&5,'🎯 REGISTO DE RISCOS'!H8:H40,"<"&10) -> 0
B9: Riscos BAIXOS (1-4) | C9: =COUNTIFS('🎯 REGISTO DE RISCOS'!H8:H40,">="&1,'🎯 REGISTO DE RISCOS'!H8:H40,"<"&5) -> 0
B11: 📋 ESTADO DO TRATAMENTO
B12: Riscos Em Curso de Mitigação | C12: =COUNTIF('🎯 REGISTO DE RISCOS'!L8:L40,"Em curso") -> 0
B13: Riscos Concluídos / Encerrados | C13: =COUNTIF('🎯 REGISTO DE RISCOS'!L8:L40,"Concluído") -> 0
B14: Riscos Transferidos (Seguro) | C14: =COUNTIF('🎯 REGISTO DE RISCOS'!L8:L40,"Transferir (Seguro)") -> 0
B16: Última atualização do registo: [Data] | Aprovado por: [Nome do CEO/Gestor] | Próxima revisão: [Data]
