Workbook

Sheet 📋 INSTRUÇÕES
B2: INVENTÁRIO E CLASSIFICAÇÃO DE FORNECEDORES NIS2 — TPRM
B3: Third-Party Risk Management · Art. 21.º §2(d) NIS2 · DL 125/2025 · ISO/IEC 27036
B5: 📌 PARA QUE SERVE ESTE INVENTÁRIO?
B6: A NIS2 (Art. 21.º §2(d)) obriga as entidades a gerir os 'riscos da segurança da cadeia de abastecimento, incluindo os aspectos de segurança relacionados com as relações entre cada entidade e os seus fornecedores'. Este inventário é o ponto de partida obrigatório — sem saber quem são os seus fornecedores e o risco que representam, não é possível gerir essa segurança de forma estruturada.
B8: 📊 SEPARADORES DISPONÍVEIS
B9: 🗂️ INVENTÁRIO COMPLETO — Lista de todos os fornecedores com classificação de criticidade, acesso e scoring de risco
B10: 🔴 FORNECEDORES CRÍTICOS — Vista filtrada dos fornecedores prioritários com plano de avaliação e estado
B11: 📊 DASHBOARD TPRM — Resumo executivo para gestão de topo com métricas de cobertura
B13: 🎯 METODOLOGIA DE CLASSIFICAÇÃO
B14: 🔴 CRÍTICO — Fornecedor cujo serviço é essencial para a continuidade do negócio OU que tem acesso a dados altamente sensíveis (ERP, base de dados de clientes, sistemas de produção)
B15: 🟠 IMPORTANTE — Suporta operações significativas mas falha não paralisa a empresa imediatamente (e-mail, website, ferramentas de produtividade)
B16: 🟡 SUPORTE — Baixo impacto operacional em caso de falha (consumíveis, software de nicho, consultoria esporádica)
... B27: 5. Este documento é evidência para auditoria CNCS — Art. 21.º NIS2

Sheet 🗂️ INVENTÁRIO COMPLETO
B2: INVENTÁRIO DE FORNECEDORES — GESTÃO DE RISCOS DA CADEIA DE ABASTECIMENTO
B3: Empresa: [Nome] | H3: Última revisão: ___/___/______ Responsável TPRM: _________________ Próxima revisão: ___/___/______
B5: ⚠️ Preencha os campos AMARELOS. O Score de Risco é calculado automaticamente. Fornecedores com Score ≥ 10 requerem avaliação formal com questionário de due diligence.
B7: ID | C7: Nome do Fornecedor | D7: Serviço / Produto | E7: Categoria | F7: Criticidade | G7: Acesso a Dados Sens. | H7: Acesso Remoto | I7: Certificação (ISO/SOC2) | J7: Score Risco | K7: Classificação | L7: Cláusulas NIS2 no Contrato? | M7: Estado Avaliação
B8: F01 | C8: Microsoft (M365 + Azure) | D8: Suite produtividade, email, cloud backup, ERP cloud | E8: SaaS/IaaS | F8: 3-Crítico | G8: 3-Dados Críticos | H8: 1-Não | I8: 1-ISO 27001 | J8: =IF(F8="","",VALUE(LEFT(F8,1))*VALUE(LEFT(G8,1))*VALUE(LEFT(H8,1))*(4-VALUE(LEFT(I8,1)))) -> 27 | K8: =IF(J8="","",IF(J8>=10,"🔴 PRIORIDADE ALTA",IF(J8>=5,"🟠 PRIORIDADE MÉDIA","🟢 PRIORIDADE BAIXA"))) -> 🔴 PRIORIDADE ALTA | L8: ✅ OK | M8: ✅ Avaliado
B9: F02 | C9: MSP TechSupport Lda. | D9: Gestão remota de toda a infraestrutura TI, helpdesk 24/7 | E9: MSP | F9: 3-Crítico | G9: 3-Dados Críticos | H9: 2-Sim | I9: 2-Apenas declaração | J9: =IF(F9="","",VALUE(LEFT(F9,1))*VALUE(LEFT(G9,1))*VALUE(LEFT(H9,1))*(4-VALUE(LEFT(I9,1)))) -> 36 | K9: =IF(J9="","",IF(J9>=10,"🔴 PRIORIDADE ALTA",IF(J9>=5,"🟠 PRIORIDADE MÉDIA","🟢 PRIORIDADE BAIXA"))) -> 🔴 PRIORIDADE ALTA | L9: ⚠️ Pendente | M9: ⚠️ Pendente
B10: F03 | C10: Sage Portugal | D10: Software de contabilidade e faturação cloud | E10: SaaS | F10: 3-Crítico | G10: 3-Dados Críticos | H10: 1-Não | I10: 2-Apenas declaração | J10: =IF(F10="","",VALUE(LEFT(F10,1))*VALUE(LEFT(G10,1))*VALUE(LEFT(H10,1))*(4-VALUE(LEFT(I10,1)))) -> 18 | K10: =IF(J10="","",IF(J10>=10,"🔴 PRIORIDADE ALTA",IF(J10>=5,"🟠 PRIORIDADE MÉDIA","🟢 PRIORIDADE BAIXA"))) -> 🔴 PRIORIDADE ALTA | L10: ⚠️ Pendente | M10: ⚠️ Pendente
B11: F04 | C11: Vodafone Portugal | D11: Ligação internet principal, telefonia VoIP | E11: Telecomunicações | F11: 3-Crítico | G11: 1-Sem Acesso | H11: 1-Não | I11: 1-ISO 27001 | J11: =IF(F11="","",VALUE(LEFT(F11,1))*VALUE(LEFT(G11,1))*VALUE(LEFT(H11,1))*(4-VALUE(LEFT(I11,1)))) -> 9 | K11: =IF(J11="","",IF(J11>=10,"🔴 PRIORIDADE ALTA",IF(J11>=5,"🟠 PRIORIDADE MÉDIA","🟢 PRIORIDADE BAIXA"))) -> 🟠 PRIORIDADE MÉDIA | L11: ✅ OK | M11: ✅ Avaliado
B12: F05 | C12: Salesforce | D12: CRM com dados de clientes (contactos, negócios, propostas) | E12: SaaS | F12: 2-Importante | G12: 3-Dados Críticos | H12: 1-Não | I12: 1-SOC2 Type II | J12: =IF(F12="","",VALUE(LEFT(F12,1))*VALUE(LEFT(G12,1))*VALUE(LEFT(H12,1))*(4-VALUE(LEFT(I12,1)))) -> 18 | K12: =IF(J12="","",IF(J12>=10,"🔴 PRIORIDADE ALTA",IF(J12>=5,"🟠 PRIORIDADE MÉDIA","🟢 PRIORIDADE BAIXA"))) -> 🔴 PRIORIDADE ALTA | L12: ✅ OK | M12: ✅ Avaliado
B13: F06 | C13: GestoSoft Lda. | D13: Software de gestão de RH — dados pessoais de colaboradores | E13: SaaS | F13: 2-Importante | G13: 2-Dados Internos | H13: 1-Não | I13: 3-Nenhuma | J13: =IF(F13="","",VALUE(LEFT(F13,1))*VALUE(LEFT(G13,1))*VALUE(LEFT(H13,1))*(4-VALUE(LEFT(I13,1)))) -> 4 | K13: =IF(J13="","",IF(J13>=10,"🔴 PRIORIDADE ALTA",IF(J13>=5,"🟠 PRIORIDADE MÉDIA","🟢 PRIORIDADE BAIXA"))) -> 🟢 PRIORIDADE BAIXA | L13: 🔴 Não | M13: 🔴 Não avaliado
B14: F07 | C14: Segware — Sistema de Alarme | D14: Alarme e CCTV com acesso remoto ao edifício | E14: Segurança Física | F14: 2-Importante | G14: 1-Sem Acesso | H14: 2-Sim | I14: 3-Nenhuma | J14: =IF(F14="","",VALUE(LEFT(F14,1))*VALUE(LEFT(G14,1))*VALUE(LEFT(H14,1))*(4-VALUE(LEFT(I14,1)))) -> 4 | K14: =IF(J14="","",IF(J14>=10,"🔴 PRIORIDADE ALTA",IF(J14>=5,"🟠 PRIORIDADE MÉDIA","🟢 PRIORIDADE BAIXA"))) -> 🟢 PRIORIDADE BAIXA | L14: 🔴 Não | M14: ⚠️ Pendente
B15: F08 | C15: Google Workspace | D15: Email alternativo para comunicações com clientes | E15: SaaS | F15: 1-Suporte | G15: 2-Dados Internos | H15: 1-Não | I15: 1-ISO 27001 | J15: =IF(F15="","",VALUE(LEFT(F15,1))*VALUE(LEFT(G15,1))*VALUE(LEFT(H15,1))*(4-VALUE(LEFT(I15,1)))) -> 6 | K15: =IF(J15="","",IF(J15>=10,"🔴 PRIORIDADE ALTA",IF(J15>=5,"🟠 PRIORIDADE MÉDIA","🟢 PRIORIDADE BAIXA"))) -> 🟠 PRIORIDADE MÉDIA | L15: ✅ OK | M15: ✅ Avaliado
B16: F09 | C16: Cisco (Hardware de rede) | D16: Switches e router principal — compra única | E16: Hardware | F16: 2-Importante | G16: 1-Sem Acesso | H16: 1-Não | I16: 1-ISO 27001 | J16: =IF(F16="","",VALUE(LEFT(F16,1))*VALUE(LEFT(G16,1))*VALUE(LEFT(H16,1))*(4-VALUE(LEFT(I16,1)))) -> 6 | K16: =IF(J16="","",IF(J16>=10,"🔴 PRIORIDADE ALTA",IF(J16>=5,"🟠 PRIORIDADE MÉDIA","🟢 PRIORIDADE BAIXA"))) -> 🟠 PRIORIDADE MÉDIA | L16: N/A | M16: ✅ Avaliado
B17: F10 | C17: Consultora Jurídica ABC | D17: Assessoria legal — acesso ocasional a contratos | E17: Serviço Profissional | F17: 1-Suporte | G17: 2-Dados Internos | H17: 1-Não | I17: 3-Nenhuma | J17: =IF(F17="","",VALUE(LEFT(F17,1))*VALUE(LEFT(G17,1))*VALUE(LEFT(H17,1))*(4-VALUE(LEFT(I17,1)))) -> 2 | K17: =IF(J17="","",IF(J17>=10,"🔴 PRIORIDADE ALTA",IF(J17>=5,"🟠 PRIORIDADE MÉDIA","🟢 PRIORIDADE BAIXA"))) -> 🟢 PRIORIDADE BAIXA | L17: ⚠️ Pendente | M17: ⚠️ Pendente
B18: F11 | C18: CTT Expresso | D18: Serviço de entregas — sem acesso a sistemas TI | E18: Logística | F18: 1-Suporte | G18: 1-Sem Acesso | H18: 1-Não | I18: 3-Nenhuma | J18: =IF(F18="","",VALUE(LEFT(F18,1))*VALUE(LEFT(G18,1))*VALUE(LEFT(H18,1))*(4-VALUE(LEFT(I18,1)))) -> 1 | K18: =IF(J18="","",IF(J18>=10,"🔴 PRIORIDADE ALTA",IF(J18>=5,"🟠 PRIORIDADE MÉDIA","🟢 PRIORIDADE BAIXA"))) -> 🟢 PRIORIDADE BAIXA | L18: N/A | M18: N/A
B19: F12 | C19: Sophos (EDR/Firewall) | D19: Endpoint Detection & Response + Next-Gen Firewall | E19: Segurança TI | F19: 3-Crítico | G19: 2-Dados Internos | H19: 2-Sim | I19: 1-ISO 27001 | J19: =IF(F19="","",VALUE(LEFT(F19,1))*VALUE(LEFT(G19,1))*VALUE(LEFT(H19,1))*(4-VALUE(LEFT(I19,1)))) -> 36 | K19: =IF(J19="","",IF(J19>=10,"🔴 PRIORIDADE ALTA",IF(J19>=5,"🟠 PRIORIDADE MÉDIA","🟢 PRIORIDADE BAIXA"))) -> 🔴 PRIORIDADE ALTA | L19: ✅ OK | M19: ✅ Avaliado
B20: F13 | J20: =IF(F20="","",VALUE(LEFT(F20,1))*VALUE(LEFT(G20,1))*VALUE(LEFT(H20,1))*(4-VALUE(LEFT(I20,1)))) | K20: =IF(J20="","",IF(J20>=10,"🔴 PRIORIDADE ALTA",IF(J20>=5,"🟠 PRIORIDADE MÉDIA","🟢 PRIORIDADE BAIXA")))
B21: F14 | J21: =IF(F21="","",VALUE(LEFT(F21,1))*VALUE(LEFT(G21,1))*VALUE(LEFT(H21,1))*(4-VALUE(LEFT(I21,1)))) | K21: =IF(J21="","",IF(J21>=10,"🔴 PRIORIDADE ALTA",IF(J21>=5,"🟠 PRIORIDADE MÉDIA","🟢 PRIORIDADE BAIXA")))
B22: F15 | J22: =IF(F22="","",VALUE(LEFT(F22,1))*VALUE(LEFT(G22,1))*VALUE(LEFT(H22,1))*(4-VALUE(LEFT(I22,1)))) | K22: =IF(J22="","",IF(J22>=10,"🔴 PRIORIDADE ALTA",IF(J22>=5,"🟠 PRIORIDADE MÉDIA","🟢 PRIORIDADE BAIXA")))
B23: F16 | J23: =IF(F23="","",VALUE(LEFT(F23,1))*VALUE(LEFT(G23,1))*VALUE(LEFT(H23,1))*(4-VALUE(LEFT(I23,1)))) | K23: =IF(J23="","",IF(J23>=10,"🔴 PRIORIDADE ALTA",IF(J23>=5,"🟠 PRIORIDADE MÉDIA","🟢 PRIORIDADE BAIXA")))
B24: F17 | J24: =IF(F24="","",VALUE(LEFT(F24,1))*VALUE(LEFT(G24,1))*VALUE(LEFT(H24,1))*(4-VALUE(LEFT(I24,1)))) | K24: =IF(J24="","",IF(J24>=10,"🔴 PRIORIDADE ALTA",IF(J24>=5,"🟠 PRIORIDADE MÉDIA","🟢 PRIORIDADE BAIXA")))
B25: F18 | J25: =IF(F25="","",VALUE(LEFT(F25,1))*VALUE(LEFT(G25,1))*VALUE(LEFT(H25,1))*(4-VALUE(LEFT(I25,1)))) | K25: =IF(J25="","",IF(J25>=10,"🔴 PRIORIDADE ALTA",IF(J25>=5,"🟠 PRIORIDADE MÉDIA","🟢 PRIORIDADE BAIXA")))
B26: F19 | J26: =IF(F26="","",VALUE(LEFT(F26,1))*VALUE(LEFT(G26,1))*VALUE(LEFT(H26,1))*(4-VALUE(LEFT(I26,1)))) | K26: =IF(J26="","",IF(J26>=10,"🔴 PRIORIDADE ALTA",IF(J26>=5,"🟠 PRIORIDADE MÉDIA","🟢 PRIORIDADE BAIXA")))
B27: F20 | J27: =IF(F27="","",VALUE(LEFT(F27,1))*VALUE(LEFT(G27,1))*VALUE(LEFT(H27,1))*(4-VALUE(LEFT(I27,1)))) | K27: =IF(J27="","",IF(J27>=10,"🔴 PRIORIDADE ALTA",IF(J27>=5,"🟠 PRIORIDADE MÉDIA","🟢 PRIORIDADE BAIXA")))

Sheet 🔴 FORNECEDORES CRÍTICOS
B2: PLANO DE AVALIAÇÃO — FORNECEDORES CRÍTICOS E IMPORTANTES
B3: Foco nos fornecedores com Score ≥ 5 — Due Diligence obrigatória para Score ≥ 10
B5: ID | C5: Fornecedor | D5: Serviço | E5: Risco Principal | F5: Acção Requerida | G5: Prazo | H5: Estado
B6: F01 | C6: Microsoft (M365 + Azure) | D6: Cloud ERP, Email, Backup | E6: Modelo de responsabilidade partilhada — a PME é responsável pela configuração segura e gestão de identidades (MFA) | F6: Verificar configuração MFA, políticas de acesso condicional e backup independente (Azure + cópia local) | G6: 30 dias | H6: ✅ Avaliado
B7: F02 | C7: MSP TechSupport Lda. | D7: Gestão remota de TI | E7: RISCO MÁXIMO: acesso administrativo a TODOS os sistemas. Se o MSP for comprometido, toda a infraestrutura é comprometida | F7: URGENTE: Enviar Questionário Due Diligence. Exigir MFA nos acessos remotos. Auditar logs de acesso. Incluir cláusulas NIS2 no contrato. | G7: 15 dias | H7: 🔴 Não avaliado
B8: F03 | C8: Sage Portugal | D8: Contabilidade e faturação | E8: Acesso a dados financeiros e fiscais sensíveis. Dependência operacional total para faturação e declarações AT | F8: Solicitar documentação de segurança. Verificar cláusula de notificação de incidentes no contrato. Confirmar DPA RGPD. | G8: 45 dias | H8: ⚠️ Pendente
B9: F06 | C9: GestoSoft Lda. | D9: RH — dados pessoais | E9: Dados pessoais de colaboradores (salários, NIFs, dados bancários). Dupla exposição: NIS2 + RGPD | F9: URGENTE: Enviar Questionário Due Diligence. Exigir RGPD DPA. Verificar segurança da aplicação. Considerar alternativa com ISO 27001. | G9: 30 dias | H9: 🔴 Não avaliado
B10: F07 | C10: Segware — Alarme | D10: Segurança física + acesso remoto | E10: Acesso remoto físico ao edifício — risco de sabotagem ou intrusão física através do sistema digital | F10: Auditar acessos remotos ao sistema de alarme. Exigir MFA para acesso remoto. Rever contrato com cláusula de auditoria. | G10: 60 dias | H10: ⚠️ Pendente
B11: F12 | C11: Sophos (EDR/Firewall) | D11: Segurança TI crítica | E11: O EDR/Firewall tem visibilidade total do tráfego de rede. Comprometimento do fornecedor = visibilidade total do atacante | F11: Verificar integridade dos agentes instalados. Confirmar canais de actualização assinados digitalmente. Rever SLA de suporte. | G11: 30 dias | H11: ✅ Avaliado

Sheet 📊 DASHBOARD TPRM
B2: DASHBOARD — GESTÃO DE RISCOS DE FORNECEDORES (TPRM)
B4: 📊 INVENTÁRIO — RESUMO GERAL
B5: Total de Fornecedores no Inventário | C5: =COUNTA('🗂️ INVENTÁRIO COMPLETO'!C8:C60) -> 12
B6: Fornecedores CRÍTICOS (score ≥ 10) | C6: =COUNTIF('🗂️ INVENTÁRIO COMPLETO'!J8:J60,">="&10) -> 5
B7: Fornecedores IMPORTANTES (score 5-9) | C7: =COUNTIFS('🗂️ INVENTÁRIO COMPLETO'!J8:J60,">="&5,'🗂️ INVENTÁRIO COMPLETO'!J8:J60,"<"&10) -> 3
B8: Fornecedores BAIXO RISCO (score 1-4) | C8: =COUNTIFS('🗂️ INVENTÁRIO COMPLETO'!J8:J60,">="&1,'🗂️ INVENTÁRIO COMPLETO'!J8:J60,"<"&5) -> 4
B10: 📋 COBERTURA — AVALIAÇÃO E CONTRATOS
B11: Fornecedores com Avaliação Concluída | C11: =COUNTIF('🗂️ INVENTÁRIO COMPLETO'!M8:M60,"✅ Avaliado") -> 6
B12: Fornecedores Pendentes de Avaliação | C12: =COUNTIF('🗂️ INVENTÁRIO COMPLETO'!M8:M60,"⚠️ Pendente") -> 4
B13: Fornecedores Não Avaliados | C13: =COUNTIF('🗂️ INVENTÁRIO COMPLETO'!M8:M60,"🔴 Não avaliado") -> 1
B14: Fornecedores com Cláusulas NIS2 no Contrato | C14: =COUNTIF('🗂️ INVENTÁRIO COMPLETO'!L8:L60,"✅ OK") -> 5
B15: Fornecedores SEM Cláusulas NIS2 | C15: =COUNTIF('🗂️ INVENTÁRIO COMPLETO'!L8:L60,"🔴 Não") -> 2
B17: 🎯 AÇÃO PRIORITÁRIA RECOMENDADA
B18: 1. Avaliar imediatamente fornecedores com score ≥ 10 (F02, F06 — MSP e RH) · 2. Enviar Questionário Due Diligence (PDF Aula 1.4) a todos com "🔴 Não avaliado" · 3. Actualizar contratos em falta com cláusulas NIS2 (Template Word Aula 1.4)
